loss,accuracy,lr
0.8797647356987,0.6586666703224182,0.001
0.6187462210655212,0.7680000066757202,0.001
0.4639884829521179,0.8399999737739563,0.001
0.3903108239173889,0.8613333106040955,0.001
0.29294949769973755,0.9066666960716248,0.001
0.20684222877025604,0.9306666851043701,0.001
0.2368725836277008,0.9013333320617676,0.001
0.2966470420360565,0.8933333158493042,0.001
0.1752769947052002,0.9466666579246521,0.001
0.1455826759338379,0.9493333101272583,0.001
0.09677062183618546,0.9760000109672546,0.001
0.08428805321455002,0.9733333587646484,0.001
0.07831669598817825,0.9706666469573975,0.001
0.0824708566069603,0.9786666631698608,0.001
0.029488611966371536,0.9973333477973938,0.001
0.05276011675596237,0.9760000109672546,0.001
0.07298692315816879,0.981333315372467,0.001
0.07133466750383377,0.9760000109672546,0.001
0.06424305588006973,0.9786666631698608,0.001
0.04175610467791557,0.984000027179718,0.001
0.0785520002245903,0.9733333587646484,0.001
0.06756656616926193,0.9679999947547913,0.001
0.05071858689188957,0.9866666793823242,0.001
0.028299769386649132,0.9973333477973938,0.001
0.019167717546224594,1.0,0.001
0.016965122893452644,0.9973333477973938,0.001
0.013934037648141384,0.9973333477973938,0.001
0.01670312136411667,0.9946666955947876,0.001
0.028634419664740562,0.9919999837875366,0.001
0.11123649030923843,0.9626666903495789,0.001
0.07450712472200394,0.9679999947547913,0.001
0.06910114735364914,0.9706666469573975,0.001
0.04667390510439873,0.984000027179718,0.001
0.07457548379898071,0.9760000109672546,0.001
0.02872232347726822,0.9919999837875366,0.001
0.02299073338508606,0.9919999837875366,0.001
0.03261107951402664,0.9893333315849304,0.001
0.015611272305250168,0.9946666955947876,0.00020000001
0.007507473696023226,1.0,0.00020000001
0.005513838957995176,1.0,0.00020000001
0.004805821925401688,1.0,0.00020000001
0.005231750197708607,1.0,0.00020000001
0.0028736123349517584,1.0,0.00020000001
0.003697638865560293,1.0,0.00020000001
0.002917822450399399,1.0,0.00020000001
0.003864389844238758,1.0,0.00020000001
0.002382577396929264,1.0,0.00020000001
0.0022757891565561295,1.0,0.00020000001
0.003311865497380495,1.0,0.00020000001
0.0027093207463622093,1.0,0.00020000001
0.002847126917913556,1.0,0.00020000001
0.004416770301759243,0.9973333477973938,0.00020000001
0.004133583512157202,1.0,0.00020000001
0.002979177748784423,1.0,0.00020000001
0.001989989774301648,1.0,0.00020000001
0.002679367084056139,1.0,0.00020000001
0.0020120462868362665,1.0,0.00020000001
0.004860229324549437,1.0,0.00020000001
0.002449383493512869,1.0,0.00020000001
0.002858048537746072,1.0,0.00020000001
0.003179391613230109,1.0,0.00020000001
0.0019456790760159492,1.0,0.00020000001
0.003788007190451026,1.0,0.00020000001
0.001396430772729218,1.0,0.00020000001
0.0016365707851946354,1.0,0.00020000001
0.003220342332497239,1.0,0.00020000001
0.0019192282343283296,1.0,0.00020000001
0.00139153643976897,1.0,0.00020000001
0.0021759080700576305,1.0,0.00020000001
0.0023484958801418543,1.0,0.00020000001
0.0026783335488289595,1.0,0.00020000001
0.000905696302652359,1.0,0.00020000001
0.001586942351423204,1.0,0.00020000001
0.0026333113200962543,1.0,0.00020000001
0.0016363764880225062,1.0,0.00020000001
0.0013551947195082903,1.0,0.00020000001
0.0015529155498370528,1.0,0.00020000001
0.0013156275963410735,1.0,0.00020000001
0.0012831741478294134,1.0,0.00020000001
0.0011927136220037937,1.0,0.00020000001
0.0011546052992343903,1.0,0.00020000001
0.0016601685201749206,1.0,0.00020000001
0.0012999132741242647,1.0,1e-04
0.0011877620127052069,1.0,1e-04
0.0009852949297055602,1.0,1e-04
0.001242258818820119,1.0,1e-04
0.0012748753651976585,1.0,1e-04
0.0010207953164353967,1.0,1e-04
0.0017920522950589657,1.0,1e-04
0.0012595159932971,1.0,1e-04
0.0012171302223578095,1.0,1e-04
0.00107102922629565,1.0,1e-04
0.0017523261485621333,1.0,1e-04
0.0012315253261476755,1.0,1e-04
0.0015896059339866042,1.0,1e-04
0.0028634383343160152,1.0,1e-04
0.0011518880492076278,1.0,1e-04
0.001003328594379127,1.0,1e-04
0.0007259130361489952,1.0,1e-04
0.0009251901064999402,1.0,1e-04
0.00084469880675897,1.0,1e-04
0.0012773829512298107,1.0,1e-04
0.0006755783688277006,1.0,1e-04
0.002609648508951068,1.0,1e-04
0.001997235231101513,1.0,1e-04
0.0008927203016355634,1.0,1e-04
0.0012956993887200952,1.0,1e-04
0.0010202922858297825,1.0,1e-04
0.0016569747822359204,1.0,1e-04
0.0015471176011487842,1.0,1e-04
0.0020380327478051186,1.0,1e-04
0.001150778727605939,1.0,1e-04
0.0007017090101726353,1.0,1e-04
0.002436297945678234,1.0,1e-04
0.0007129631703719497,1.0,1e-04
0.0008786933613009751,1.0,1e-04
0.0006334913778118789,1.0,1e-04
0.0009012977825477719,1.0,1e-04
0.0010706553002819419,1.0,1e-04
0.0009290188318118453,1.0,1e-04
0.0008366014808416367,1.0,1e-04
0.0013210522010922432,1.0,1e-04
0.0009275696356780827,1.0,1e-04
0.0005652008694596589,1.0,1e-04
0.0011321051279082894,1.0,1e-04
0.001270595588721335,1.0,1e-04
0.001372170401737094,1.0,1e-04
0.0007927009137347341,1.0,1e-04
0.0007230389746837318,1.0,1e-04
0.0032914874609559774,1.0,1e-04
0.005452889017760754,0.9973333477973938,1e-04
0.000546348630450666,1.0,1e-04
0.0011775995371863246,1.0,1e-04
0.0005141613655723631,1.0,1e-04
0.0017723910277709365,1.0,1e-04
0.0010011197300627828,1.0,1e-04
0.0009873687522485852,1.0,1e-04
0.001378947519697249,1.0,1e-04
0.0010994382901117206,1.0,1e-04
0.0014606299810111523,1.0,1e-04
0.0014496210496872663,1.0,1e-04
0.0010006820084527135,1.0,1e-04
0.000919329235330224,1.0,1e-04
0.0007971300510689616,1.0,1e-04
0.000775518361479044,1.0,1e-04
0.0011177265550941229,1.0,1e-04
0.0007140318630263209,1.0,1e-04
0.0004740728181786835,1.0,1e-04
0.0009029465727508068,1.0,1e-04
0.0005271692061796784,1.0,1e-04
0.0008123208535835147,1.0,1e-04
0.0006397069082595408,1.0,1e-04
0.0004615149227902293,1.0,1e-04
0.0006671741139143705,1.0,1e-04
0.0005007094005122781,1.0,1e-04
0.0006454685353673995,1.0,1e-04
0.00046443991595879197,1.0,1e-04
0.0014347655232995749,1.0,1e-04
0.0013111620210111141,1.0,1e-04
0.0020151566714048386,1.0,1e-04
0.0007814049022272229,1.0,1e-04
0.002268449403345585,1.0,1e-04
0.002950499299913645,0.9973333477973938,1e-04
0.0006249428843148053,1.0,1e-04
0.0007790490635670722,1.0,1e-04
0.0007431028061546385,1.0,1e-04
0.0010224300203844905,1.0,1e-04
0.0006477144779637456,1.0,1e-04
0.0003760240797419101,1.0,1e-04
0.0006810816703364253,1.0,1e-04
0.00038856049650348723,1.0,1e-04
0.0009505971102043986,1.0,1e-04
0.0005482696578837931,1.0,1e-04
0.00043510261457413435,1.0,1e-04
0.0002999136922881007,1.0,1e-04
0.0013087480328977108,1.0,1e-04
0.0006231408915482461,1.0,1e-04
0.0005533903022296727,1.0,1e-04
0.0004919911734759808,1.0,1e-04
0.0009086807840503752,1.0,1e-04
0.0004999652155674994,1.0,1e-04
0.0011055172653868794,1.0,1e-04
0.0003430645156186074,1.0,1e-04
0.0006134107825346291,1.0,1e-04
0.00039450605981983244,1.0,1e-04
0.0005057668895460665,1.0,1e-04
0.00029666602495126426,1.0,1e-04
0.0009733817423693836,1.0,1e-04
0.00047457791515626013,1.0,1e-04
0.0025086028035730124,1.0,1e-04
0.0007374988636001945,1.0,1e-04
0.00048259610775858164,1.0,1e-04
0.004126886371523142,0.9973333477973938,1e-04
0.0077195134945213795,0.9973333477973938,1e-04
0.000794485560618341,1.0,1e-04
0.0006470525986514986,1.0,1e-04
0.0010169517481699586,1.0,1e-04
0.0007988570723682642,1.0,1e-04
0.00048110238276422024,1.0,1e-04
0.00037453186814673245,1.0,1e-04
0.0004009154508821666,1.0,1e-04
0.0004227679455652833,1.0,1e-04
0.0002981373982038349,1.0,1e-04
0.0009140235488303006,1.0,1e-04
0.0013404784258455038,1.0,1e-04
0.00069300492759794,1.0,1e-04
0.00041404194780625403,1.0,1e-04
0.0004258390690665692,1.0,1e-04
0.0006780081312172115,1.0,1e-04
0.0005269115208648145,1.0,1e-04
0.0004984253901056945,1.0,1e-04
0.0012377719394862652,1.0,1e-04
0.00032728537917137146,1.0,1e-04
0.0004938532365486026,1.0,1e-04
0.000484931020764634,1.0,1e-04
0.0005865056882612407,1.0,1e-04
0.00046338318497873843,1.0,1e-04
0.0003675140906125307,1.0,1e-04
0.0003912374086212367,1.0,1e-04
0.0002861433895304799,1.0,1e-04
0.0003836225951090455,1.0,1e-04
0.0002452055923640728,1.0,1e-04
0.0005486602894961834,1.0,1e-04
0.0003334518987685442,1.0,1e-04
0.0003299310337752104,1.0,1e-04
0.0002900443796534091,1.0,1e-04
0.0003603266959544271,1.0,1e-04
0.0003769485920201987,1.0,1e-04
0.00026825073291547596,1.0,1e-04
0.0005206387140788138,1.0,1e-04
0.00036789500154554844,1.0,1e-04
0.0003356880333740264,1.0,1e-04
0.0003006643964909017,1.0,1e-04
0.0006721933023072779,1.0,1e-04
0.0005554186645895243,1.0,1e-04
0.00026214992976747453,1.0,1e-04
0.0002329253329662606,1.0,1e-04
0.0005056392983533442,1.0,1e-04
0.0003635728789959103,1.0,1e-04
0.0005159943248145282,1.0,1e-04
0.00028865481726825237,1.0,1e-04
0.00023498413793276995,1.0,1e-04
0.000664883351419121,1.0,1e-04
0.0004210193292237818,1.0,1e-04
0.00031117460457608104,1.0,1e-04
0.0002859261876437813,1.0,1e-04
0.00023891923774499446,1.0,1e-04
0.0002078709949273616,1.0,1e-04
0.0005823866813443601,1.0,1e-04
0.00021102737809997052,1.0,1e-04
0.0003717726212926209,1.0,1e-04
0.00037045948556624353,1.0,1e-04
0.00023249689547810704,1.0,1e-04
0.0007324061589315534,1.0,1e-04
0.0014572369400411844,1.0,1e-04
0.004961700178682804,0.9973333477973938,1e-04
0.004983343183994293,0.9973333477973938,1e-04
0.001639507245272398,1.0,1e-04
0.002921993611380458,0.9973333477973938,1e-04
0.0006866231560707092,1.0,1e-04
0.0036917314864695072,0.9973333477973938,1e-04
0.0027998732402920723,1.0,1e-04
0.004964892286807299,0.9973333477973938,1e-04
0.0018839066615328193,1.0,1e-04
0.0006419762503355742,1.0,1e-04
0.000440743169747293,1.0,1e-04
0.0006310335593298078,1.0,1e-04
0.0003623146621976048,1.0,1e-04
0.0004425155639182776,1.0,1e-04
0.0004169700259808451,1.0,1e-04
0.0005477074882946908,1.0,1e-04
0.00046225564437918365,1.0,1e-04
0.0003724932612385601,1.0,1e-04
0.0004565308918245137,1.0,1e-04
0.00040182570228353143,1.0,1e-04
0.00033680134220048785,1.0,1e-04
0.0005245313514024019,1.0,1e-04
0.00032723875483497977,1.0,1e-04
0.00027253193547949195,1.0,1e-04
0.00027041236171498895,1.0,1e-04
0.0005569448112510145,1.0,1e-04
0.0003677212807815522,1.0,1e-04
0.0004121944075450301,1.0,1e-04
0.0006079262238927186,1.0,1e-04
0.0004887459799647331,1.0,1e-04
0.00036546163028106093,1.0,1e-04
0.0002951756468974054,1.0,1e-04
0.0009217383340001106,1.0,1e-04
0.0003889510699082166,1.0,1e-04
0.00046721211401745677,1.0,1e-04
0.0003220313519705087,1.0,1e-04
0.00028471057885326445,1.0,1e-04
0.00035199581179767847,1.0,1e-04
0.0004668394394684583,1.0,1e-04
0.0002584563917480409,1.0,1e-04
0.0007367247599177063,1.0,1e-04
0.00045902590500190854,1.0,1e-04
0.0002659374149516225,1.0,1e-04
0.0004055843746755272,1.0,1e-04
0.0005266679218038917,1.0,1e-04
0.00023715617135167122,1.0,1e-04
0.0003849104978144169,1.0,1e-04
0.0002516169042792171,1.0,1e-04
0.0002652392431627959,1.0,1e-04
0.00022918406466487795,1.0,1e-04
0.00032081958488561213,1.0,1e-04
0.00021567667135968804,1.0,1e-04
0.0002585762704256922,1.0,1e-04
0.0002062794956145808,1.0,1e-04
0.00026593037182465196,1.0,1e-04
0.0005899465759284794,1.0,1e-04
0.000890989089384675,1.0,1e-04
0.00024295109324157238,1.0,1e-04
0.00029774094582535326,1.0,1e-04
0.000529348908457905,1.0,1e-04
0.00019805053307209164,1.0,1e-04
0.000491499318741262,1.0,1e-04
0.00027774120098911226,1.0,1e-04
0.0002802158996928483,1.0,1e-04
0.0002924630243796855,1.0,1e-04
0.0001285211183130741,1.0,1e-04
0.0001802830520318821,1.0,1e-04
0.0001293523673666641,1.0,1e-04
0.00017551887140143663,1.0,1e-04
0.0002235140564152971,1.0,1e-04
0.00022786219778936356,1.0,1e-04
0.0002426933206152171,1.0,1e-04
0.0001232622453244403,1.0,1e-04
0.000296540092676878,1.0,1e-04
0.00019051141862291843,1.0,1e-04
0.00026325651560910046,1.0,1e-04
0.00014967239985708147,1.0,1e-04
0.0001849077525548637,1.0,1e-04
0.0002350605936953798,1.0,1e-04
0.0004190211184322834,1.0,1e-04
0.0003962561022490263,1.0,1e-04
0.0001707059273030609,1.0,1e-04
0.00018985263886861503,1.0,1e-04
0.00014637492131441832,1.0,1e-04
0.0011076148366555572,1.0,1e-04
0.0004075573233421892,1.0,1e-04
0.001254066708497703,1.0,1e-04
0.003480343846604228,0.9973333477973938,1e-04
0.003364068455994129,1.0,1e-04
0.0008431250462308526,1.0,1e-04
0.0005472275661304593,1.0,1e-04
0.0005775585887022316,1.0,1e-04
0.00048108259215950966,1.0,1e-04
0.00023997535754460841,1.0,1e-04
0.0004163748526480049,1.0,1e-04
0.0005910488544031978,1.0,1e-04
0.0002321159845450893,1.0,1e-04
0.00021447186009027064,1.0,1e-04
0.00016288792539853603,1.0,1e-04
0.00023581837012898177,1.0,1e-04
0.00023866233823355287,1.0,1e-04
0.00034364452585577965,1.0,1e-04
0.00033301004441455007,1.0,1e-04
0.0006119477329775691,1.0,1e-04
0.00042048608884215355,1.0,1e-04
0.00022032154083717614,1.0,1e-04
0.00019826917559839785,1.0,1e-04
0.0005258487071841955,1.0,1e-04
0.00023073589545674622,1.0,1e-04
0.0003785566077567637,1.0,1e-04
0.000215502645005472,1.0,1e-04
0.00043552700662985444,1.0,1e-04
0.00035670484066940844,1.0,1e-04
0.00019699998665601015,1.0,1e-04
0.00021154750720597804,1.0,1e-04
0.00022508515394292772,1.0,1e-04
0.0004492614243645221,1.0,1e-04
0.000308203452732414,1.0,1e-04
0.00025610579177737236,1.0,1e-04
0.0001193467469420284,1.0,1e-04
0.0001901490322779864,1.0,1e-04
0.0001686361647443846,1.0,1e-04
0.0031223820988088846,1.0,1e-04
0.0021685617975890636,1.0,1e-04
0.001505054417066276,1.0,1e-04
0.0005184681504033506,1.0,1e-04
0.0013626079307869077,1.0,1e-04
0.0008734341245144606,1.0,1e-04
0.0005786294350400567,1.0,1e-04
0.00025173486210405827,1.0,1e-04
0.0028682267293334007,1.0,1e-04
0.000620315142441541,1.0,1e-04
0.006207941100001335,0.9973333477973938,1e-04
0.004796366207301617,0.9973333477973938,1e-04
0.001109768752939999,1.0,1e-04
0.0015093280235305429,1.0,1e-04
0.0005529358168132603,1.0,1e-04
0.0006300100358203053,1.0,1e-04
0.0005487677408382297,1.0,1e-04
0.00045350336586125195,1.0,1e-04
0.00030628914828412235,1.0,1e-04
0.0002750689454842359,1.0,1e-04
0.0008870326564647257,1.0,1e-04
0.0004501883522607386,1.0,1e-04
0.00028771848883479834,1.0,1e-04
0.00034177882480435073,1.0,1e-04
0.000345153413945809,1.0,1e-04
0.0003310224274173379,1.0,1e-04
0.0002421683893771842,1.0,1e-04
0.00021731150627601892,1.0,1e-04
0.0006042422028258443,1.0,1e-04
0.000197343819309026,1.0,1e-04
0.0002947369939647615,1.0,1e-04
0.0003284179256297648,1.0,1e-04
0.000230710647883825,1.0,1e-04
0.000528159667737782,1.0,1e-04
0.0006823872099630535,1.0,1e-04
0.00019200898532290012,1.0,1e-04
0.00013724074233323336,1.0,1e-04
0.00011184476898051798,1.0,1e-04
0.000390280329156667,1.0,1e-04
0.0001411445118719712,1.0,1e-04
0.00023183661687653512,1.0,1e-04
0.0002770873252302408,1.0,1e-04
0.00023140700068324804,1.0,1e-04
0.00011573894153116271,1.0,1e-04
0.00020464678527787328,1.0,1e-04
0.00013531457807403058,1.0,1e-04
0.00044156654621474445,1.0,1e-04
0.000628788722679019,1.0,1e-04
0.00017863659013528377,1.0,1e-04
0.00032525649294257164,1.0,1e-04
0.00012945318303536624,1.0,1e-04
0.00010477036266820505,1.0,1e-04
0.0001538216893095523,1.0,1e-04
0.00018006512254942209,1.0,1e-04
0.0004203415010124445,1.0,1e-04
0.00018432932847645134,1.0,1e-04
0.000268198928097263,1.0,1e-04
0.00016642623813822865,1.0,1e-04
6.837938417447731e-05,1.0,1e-04
0.00023711711401119828,1.0,1e-04
0.000164663782925345,1.0,1e-04
0.00015490462828893214,1.0,1e-04
0.00010142224346054718,1.0,1e-04
0.00022090347192715853,1.0,1e-04
0.00012360802793409675,1.0,1e-04
0.00010862100316444412,1.0,1e-04
0.0001631945779081434,1.0,1e-04
0.0001997771323658526,1.0,1e-04
7.079842907842249e-05,1.0,1e-04
9.706809214549139e-05,1.0,1e-04
0.00015188472752925009,1.0,1e-04
0.0004127850115764886,1.0,1e-04
9.689640864962712e-05,1.0,1e-04
9.645489626564085e-05,1.0,1e-04
0.00014014584303367883,1.0,1e-04
8.20122440927662e-05,1.0,1e-04
0.0001151844990090467,1.0,1e-04
0.0001244110317202285,1.0,1e-04
0.00013134405890014023,1.0,1e-04
0.00043912723776884377,1.0,1e-04
0.00010651590127963573,1.0,1e-04
0.0007232329226098955,1.0,1e-04
0.00043232314055785537,1.0,1e-04
0.00013359492004383355,1.0,1e-04
0.0001272826484637335,1.0,1e-04
8.751261339057237e-05,1.0,1e-04
0.00023267403594218194,1.0,1e-04
8.756790339248255e-05,1.0,1e-04
0.00012726285785902292,1.0,1e-04
0.00042542326264083385,1.0,1e-04
8.054685167735443e-05,1.0,1e-04
0.0002484606811776757,1.0,1e-04
0.00017474139167461544,1.0,1e-04
0.00010046028182841837,1.0,1e-04
8.307344978675246e-05,1.0,1e-04
0.00014537613606080413,1.0,1e-04
9.285465785069391e-05,1.0,1e-04
6.212916923686862e-05,1.0,1e-04
9.094029519474134e-05,1.0,1e-04
0.00015226955292746425,1.0,1e-04
8.518767572240904e-05,1.0,1e-04
0.00013296799443196505,1.0,1e-04
0.00011809937859652564,1.0,1e-04
0.0004392069240566343,1.0,1e-04
0.00010610075696604326,1.0,1e-04
8.05223680799827e-05,1.0,1e-04
0.00044181683915667236,1.0,1e-04
0.00010140677477465943,1.0,1e-04
7.512237061746418e-05,1.0,1e-04
0.00010053231380879879,1.0,1e-04
0.00020522957493085414,1.0,1e-04
9.21465689316392e-05,1.0,1e-04
0.00011033978080376983,1.0,1e-04
6.488004146376625e-05,1.0,1e-04
9.891825175145641e-05,1.0,1e-04
0.00010072788427351043,1.0,1e-04
5.972589133307338e-05,1.0,1e-04
5.542054714169353e-05,1.0,1e-04
4.690728019340895e-05,1.0,1e-04
6.048002978786826e-05,1.0,1e-04
5.64318397664465e-05,1.0,1e-04
8.007570431800559e-05,1.0,1e-04
0.00014412497694138438,1.0,1e-04
6.061240492272191e-05,1.0,1e-04
4.51448759122286e-05,1.0,1e-04
7.249691407196224e-05,1.0,1e-04
6.913038669154048e-05,1.0,1e-04
6.878606654936448e-05,1.0,1e-04
7.37993759685196e-05,1.0,1e-04
5.65141745028086e-05,1.0,1e-04
4.571052340907045e-05,1.0,1e-04
8.569196506869048e-05,1.0,1e-04
0.00010767125058919191,1.0,1e-04
4.851427729590796e-05,1.0,1e-04
0.0005902888369746506,1.0,1e-04
0.0007448168471455574,1.0,1e-04
0.0005192870157770813,1.0,1e-04
0.0003036448615603149,1.0,1e-04
0.0023500637616962194,1.0,1e-04
0.015127833932638168,0.9946666955947876,1e-04
0.012761540710926056,0.9946666955947876,1e-04
0.04126042127609253,0.9893333315849304,1e-04
0.021739019080996513,0.9919999837875366,1e-04
0.01980477385222912,0.9946666955947876,1e-04
0.017706677317619324,0.9919999837875366,1e-04
0.0033856709487736225,1.0,1e-04
0.0006662658997811377,1.0,1e-04
0.0018934456165879965,1.0,1e-04
0.0008719831821508706,1.0,1e-04
0.0011633270187303424,1.0,1e-04
0.0005942847928963602,1.0,1e-04
0.0003203357046004385,1.0,1e-04
0.00035632101935334504,1.0,1e-04
0.010785634629428387,0.9946666955947876,1e-04
0.0034562477376312017,1.0,1e-04
0.017313886433839798,0.9919999837875366,1e-04
0.009918519295752048,0.9973333477973938,1e-04
0.0014511020854115486,1.0,1e-04
0.010263249278068542,0.9946666955947876,1e-04
0.0007751249358989298,1.0,1e-04
0.0008757432224228978,1.0,1e-04
0.000579063082113862,1.0,1e-04
0.0006493873661383986,1.0,1e-04
0.0003588538966141641,1.0,1e-04
0.00041114946361631155,1.0,1e-04
0.0004358545411378145,1.0,1e-04
0.00048128998605534434,1.0,1e-04
0.0005614817491732538,1.0,1e-04
0.0004207098390907049,1.0,1e-04
0.0006634367164224386,1.0,1e-04
0.00022694587823934853,1.0,1e-04
0.0017535859951749444,1.0,1e-04
0.010922124609351158,0.9973333477973938,1e-04
0.0015880479477345943,1.0,1e-04
0.0038228484336286783,1.0,1e-04
0.0024992800317704678,1.0,1e-04
0.0008748976397328079,1.0,1e-04
0.0005005778511986136,1.0,1e-04
0.0005325829260982573,1.0,1e-04
0.0007744276663288474,1.0,1e-04
0.0004927121917717159,1.0,1e-04
0.0005595096154138446,1.0,1e-04
0.0005416510393843055,1.0,1e-04
0.0004107661952730268,1.0,1e-04
0.0005786254187114537,1.0,1e-04
0.0003150281263515353,1.0,1e-04
0.00020314959692768753,1.0,1e-04
0.000510392535943538,1.0,1e-04
0.00028933133580721915,1.0,1e-04
0.00024572157417424023,1.0,1e-04
0.00015885394532233477,1.0,1e-04
0.00022692501079291105,1.0,1e-04
0.00022402165632229298,1.0,1e-04
0.000951597758103162,1.0,1e-04
0.0002849496668204665,1.0,1e-04
0.00021111509704496711,1.0,1e-04
0.0001621860865270719,1.0,1e-04
0.00028959993505850434,1.0,1e-04
0.00020620237046387047,1.0,1e-04
0.0002360719081480056,1.0,1e-04
0.00027490960201248527,1.0,1e-04
0.0003169589617755264,1.0,1e-04
0.00018944886687677354,1.0,1e-04
0.00017527326417621225,1.0,1e-04
0.00023673774558119476,1.0,1e-04
0.00018690506112761796,1.0,1e-04
0.00044573232298716903,1.0,1e-04
0.022123074159026146,0.9893333315849304,1e-04
0.02928868867456913,0.9893333315849304,1e-04
0.01886664144694805,0.9946666955947876,1e-04
0.01269595418125391,0.9946666955947876,1e-04
0.002710906555876136,1.0,1e-04
0.001817577052861452,1.0,1e-04
0.0033848860766738653,1.0,1e-04
0.0016058090841397643,1.0,1e-04
0.0012304524425417185,1.0,1e-04
0.0007522545638494194,1.0,1e-04
0.0013310089707374573,1.0,1e-04
0.000681643548887223,1.0,1e-04
0.0007321980083361268,1.0,1e-04
0.0011626867344602942,1.0,1e-04
0.0005503535503521562,1.0,1e-04
0.00046254703192971647,1.0,1e-04
0.00036338274367153645,1.0,1e-04
0.00036410425673238933,1.0,1e-04
0.00036871826159767807,1.0,1e-04
0.0009090945823118091,1.0,1e-04
0.0002836115309037268,1.0,1e-04
0.00029461426311172545,1.0,1e-04
0.0002562400186434388,1.0,1e-04
0.0003892078821081668,1.0,1e-04
0.0004890176933258772,1.0,1e-04
0.0008677708101458848,1.0,1e-04
0.0002990605717059225,1.0,1e-04
0.0003479768056422472,1.0,1e-04
0.0003094086132477969,1.0,1e-04
0.0003401831490918994,1.0,1e-04
0.0002583511231932789,1.0,1e-04
0.00038520002271980047,1.0,1e-04
0.00034114308073185384,1.0,1e-04
0.00023867750132922083,1.0,1e-04
0.00024317755014635623,1.0,1e-04
0.0003392538637854159,1.0,1e-04
0.0002385286643402651,1.0,1e-04
0.00014571580686606467,1.0,1e-04
0.00017282833869103342,1.0,1e-04
0.00021039046987425536,1.0,1e-04
0.0003294754133094102,1.0,1e-04
0.00019365237676538527,1.0,1e-04
0.00028211899916641414,1.0,1e-04
0.0001411690900567919,1.0,1e-04
0.0002195908600697294,1.0,1e-04
0.0004864694201387465,1.0,1e-04
0.00018224907398689538,1.0,1e-04
0.00017800970817916095,1.0,1e-04
0.00017919139645528048,1.0,1e-04
0.0002429584856145084,1.0,1e-04
0.00019925505330320448,1.0,1e-04
0.00032858853228390217,1.0,1e-04
0.00020914639753755182,1.0,1e-04
0.00015384834841825068,1.0,1e-04
0.0002274571015732363,1.0,1e-04
0.0001732030650600791,1.0,1e-04
0.00027232212596572936,1.0,1e-04
0.00026381475618109107,1.0,1e-04
0.00030975238769315183,1.0,1e-04
0.00013166411372367293,1.0,1e-04
0.0003175832098349929,1.0,1e-04
0.0001690042990958318,1.0,1e-04
0.000191438477486372,1.0,1e-04
0.0001827566884458065,1.0,1e-04
0.00013495156599674374,1.0,1e-04
0.00011100068513769656,1.0,1e-04
0.00015345291467383504,1.0,1e-04
8.255169086623937e-05,1.0,1e-04
0.0001686807518126443,1.0,1e-04
0.0006633957964368165,1.0,1e-04
0.0003294007037766278,1.0,1e-04
0.00017670931993052363,1.0,1e-04
0.00021156542061362416,1.0,1e-04
0.0003533700364641845,1.0,1e-04
0.00016655099170748144,1.0,1e-04
0.00022839427401777357,1.0,1e-04
0.00012222188524901867,1.0,1e-04
0.0001720683794701472,1.0,1e-04
0.00014145622844807804,1.0,1e-04
0.00010073021985590458,1.0,1e-04
0.000160802504979074,1.0,1e-04
0.00041014477028511465,1.0,1e-04
8.945784065872431e-05,1.0,1e-04
0.00020705875067505985,1.0,1e-04
0.00012764037819579244,1.0,1e-04
0.00010144268162548542,1.0,1e-04
0.00010597953951219097,1.0,1e-04
0.00013563920219894499,1.0,1e-04
8.525609882781282e-05,1.0,1e-04
0.00023554843210149556,1.0,1e-04
7.898915646364912e-05,1.0,1e-04
0.0002106655010720715,1.0,1e-04
0.00017571786884218454,1.0,1e-04
0.00013613574265036732,1.0,1e-04
0.000311490788590163,1.0,1e-04
8.998074918054044e-05,1.0,1e-04
9.356793452752754e-05,1.0,1e-04
0.00013923359801992774,1.0,1e-04
9.777809464139864e-05,1.0,1e-04
0.0002598859719000757,1.0,1e-04
0.00010304297029506415,1.0,1e-04
0.0001086225311155431,1.0,1e-04
0.0011266383808106184,1.0,1e-04
0.0002991506480611861,1.0,1e-04
0.00039113478851504624,1.0,1e-04
0.00044738221913576126,1.0,1e-04
0.00010884436778724194,1.0,1e-04
0.00010792287503136322,1.0,1e-04
0.0002297351893503219,1.0,1e-04
8.107336179818958e-05,1.0,1e-04
7.096385525073856e-05,1.0,1e-04
0.00012163853534730151,1.0,1e-04
0.0002756754111032933,1.0,1e-04
5.338338451110758e-05,1.0,1e-04
0.0001515982876298949,1.0,1e-04
0.00014162820298224688,1.0,1e-04
0.00017449249571654946,1.0,1e-04
7.951487350510433e-05,1.0,1e-04
0.0001246693718712777,1.0,1e-04
0.00011636918497970328,1.0,1e-04
6.829785706941038e-05,1.0,1e-04
0.00015488722419831902,1.0,1e-04
8.227179205277935e-05,1.0,1e-04
0.00017719624156598002,1.0,1e-04
0.00013686988677363843,1.0,1e-04
6.082451727706939e-05,1.0,1e-04
7.983859541127458e-05,1.0,1e-04
7.4717216193676e-05,1.0,1e-04
8.512688509654254e-05,1.0,1e-04
0.00010148574074264616,1.0,1e-04
6.800896517233923e-05,1.0,1e-04
0.00018371272017247975,1.0,1e-04
5.469233656185679e-05,1.0,1e-04
0.00014859768270980567,1.0,1e-04
0.00010318999557057396,1.0,1e-04
5.0209040637128055e-05,1.0,1e-04
4.2911433411063626e-05,1.0,1e-04
0.00010769384971354157,1.0,1e-04
9.329948079539463e-05,1.0,1e-04
4.536300912150182e-05,1.0,1e-04
0.00011488507880130783,1.0,1e-04
0.0002548162010498345,1.0,1e-04
0.00015334236377384514,1.0,1e-04
9.468893404118717e-05,1.0,1e-04
6.301602843450382e-05,1.0,1e-04
0.00012173267168691382,1.0,1e-04
7.703564187977463e-05,1.0,1e-04
7.289303175639361e-05,1.0,1e-04
5.833358591189608e-05,1.0,1e-04
4.152543260715902e-05,1.0,1e-04
6.688595021842048e-05,1.0,1e-04
5.0159156671725214e-05,1.0,1e-04
5.862504258402623e-05,1.0,1e-04
6.711339665343985e-05,1.0,1e-04
9.547073568683118e-05,1.0,1e-04
6.0224705521250144e-05,1.0,1e-04
0.0003006229817401618,1.0,1e-04
8.813182648736984e-05,1.0,1e-04
0.0002263818751089275,1.0,1e-04
0.00015359011013060808,1.0,1e-04
8.239475573645905e-05,1.0,1e-04
7.479840860469267e-05,1.0,1e-04
4.983500184607692e-05,1.0,1e-04
4.6269455197034404e-05,1.0,1e-04
8.368604176212102e-05,1.0,1e-04
7.468424882972613e-05,1.0,1e-04
0.00011514957441249862,1.0,1e-04
7.600934623042122e-05,1.0,1e-04
0.00011446409189375117,1.0,1e-04
4.456634997040965e-05,1.0,1e-04
7.139849913073704e-05,1.0,1e-04
6.724729610141367e-05,1.0,1e-04
0.00041330663952976465,1.0,1e-04
8.971703209681436e-05,1.0,1e-04
8.740153134567663e-05,1.0,1e-04
5.496592348208651e-05,1.0,1e-04
5.139560016687028e-05,1.0,1e-04
5.4018721129978076e-05,1.0,1e-04
5.842666723765433e-05,1.0,1e-04
5.3706120525021106e-05,1.0,1e-04
8.822674863040447e-05,1.0,1e-04
6.0619498981395736e-05,1.0,1e-04
4.737827111966908e-05,1.0,1e-04
6.296943320194259e-05,1.0,1e-04
7.813433330738917e-05,1.0,1e-04
0.00011889723100466654,1.0,1e-04
6.267643766477704e-05,1.0,1e-04
4.370273745735176e-05,1.0,1e-04
8.986295142676681e-05,1.0,1e-04
6.70934678055346e-05,1.0,1e-04
4.069298302056268e-05,1.0,1e-04
5.000943929189816e-05,1.0,1e-04
0.00011988709593424574,1.0,1e-04
8.899770182324573e-05,1.0,1e-04
8.290809637401253e-05,1.0,1e-04
9.048427455127239e-05,1.0,1e-04
4.2309449781896546e-05,1.0,1e-04
3.3545951737323776e-05,1.0,1e-04
9.750961180543527e-05,1.0,1e-04
5.032506669522263e-05,1.0,1e-04
4.18903146055527e-05,1.0,1e-04
3.851310975733213e-05,1.0,1e-04
4.066863039042801e-05,1.0,1e-04
9.166022209683433e-05,1.0,1e-04
2.8539654522319324e-05,1.0,1e-04
4.7502478992100805e-05,1.0,1e-04
2.859123378584627e-05,1.0,1e-04
5.506822344614193e-05,1.0,1e-04
0.00011232608812861145,1.0,1e-04
6.345411384245381e-05,1.0,1e-04
3.455293335719034e-05,1.0,1e-04
9.04738117242232e-05,1.0,1e-04
3.549786561052315e-05,1.0,1e-04
5.591544686467387e-05,1.0,1e-04
5.087751560495235e-05,1.0,1e-04
8.35579339764081e-05,1.0,1e-04
3.995358201791532e-05,1.0,1e-04
3.110315083176829e-05,1.0,1e-04
3.833137816400267e-05,1.0,1e-04
2.7425248845247552e-05,1.0,1e-04
9.505997877568007e-05,1.0,1e-04
4.1322702600155026e-05,1.0,1e-04
5.514330041478388e-05,1.0,1e-04
5.3850511903874576e-05,1.0,1e-04
2.95943500532303e-05,1.0,1e-04
4.7803809138713405e-05,1.0,1e-04
4.546989657683298e-05,1.0,1e-04
3.896913767675869e-05,1.0,1e-04
7.987649587448686e-05,1.0,1e-04
8.132014045258984e-05,1.0,1e-04
3.056367131648585e-05,1.0,1e-04
0.00023267626238521188,1.0,1e-04
4.892145443591289e-05,1.0,1e-04
7.828635716577992e-05,1.0,1e-04
7.049143459880725e-05,1.0,1e-04
5.255146243143827e-05,1.0,1e-04
2.6501893444219604e-05,1.0,1e-04
3.281375393271446e-05,1.0,1e-04
5.227134170127101e-05,1.0,1e-04
3.126887895632535e-05,1.0,1e-04
4.294915925129317e-05,1.0,1e-04
7.446431118296459e-05,1.0,1e-04
9.842309373198077e-05,1.0,1e-04
4.727951090899296e-05,1.0,1e-04
2.1672698494512588e-05,1.0,1e-04
2.390382724115625e-05,1.0,1e-04
3.7182409869274125e-05,1.0,1e-04
5.57124221813865e-05,1.0,1e-04
3.5978366213385016e-05,1.0,1e-04
2.7914729798794724e-05,1.0,1e-04
6.153353024274111e-05,1.0,1e-04
3.707627547555603e-05,1.0,1e-04
3.364518124726601e-05,1.0,1e-04
6.377789395628497e-05,1.0,1e-04
6.892113742651418e-05,1.0,1e-04
5.8277350035496056e-05,1.0,1e-04
6.842216680524871e-05,1.0,1e-04
3.375956657691859e-05,1.0,1e-04
5.785720713902265e-05,1.0,1e-04
3.524269777699374e-05,1.0,1e-04
3.1950865377439186e-05,1.0,1e-04
3.245639891247265e-05,1.0,1e-04
2.5399225705768913e-05,1.0,1e-04
3.436432598391548e-05,1.0,1e-04
3.297797593404539e-05,1.0,1e-04
3.650072176242247e-05,1.0,1e-04
3.6955356335965917e-05,1.0,1e-04
3.540837860782631e-05,1.0,1e-04
5.906900332774967e-05,1.0,1e-04
4.6115379518596455e-05,1.0,1e-04
5.4581938456976786e-05,1.0,1e-04
3.262189420638606e-05,1.0,1e-04
4.475203240872361e-05,1.0,1e-04
6.665613182121888e-05,1.0,1e-04
3.12513584503904e-05,1.0,1e-04
3.113127240794711e-05,1.0,1e-04
2.3672297174925916e-05,1.0,1e-04
1.4996367099229246e-05,1.0,1e-04
0.00011500644905027002,1.0,1e-04
2.9668239221791737e-05,1.0,1e-04
3.380865018698387e-05,1.0,1e-04
2.1670890419045463e-05,1.0,1e-04
2.9501819881261326e-05,1.0,1e-04
8.446642459603027e-05,1.0,1e-04
2.5511197236482985e-05,1.0,1e-04
5.8952449762728065e-05,1.0,1e-04
2.9985967557877302e-05,1.0,1e-04
3.235117401345633e-05,1.0,1e-04
3.8574013160541654e-05,1.0,1e-04
2.5423609258723445e-05,1.0,1e-04
6.177213799674064e-05,1.0,1e-04
1.5432591681019403e-05,1.0,1e-04
1.5583549611619674e-05,1.0,1e-04
2.4197017410187982e-05,1.0,1e-04
6.78621290717274e-05,1.0,1e-04
1.7278254745178856e-05,1.0,1e-04
2.3045000489219092e-05,1.0,1e-04
1.6707543181837536e-05,1.0,1e-04
4.7021720092743635e-05,1.0,1e-04
2.413978654658422e-05,1.0,1e-04
3.5757318983087316e-05,1.0,1e-04
1.9876824808306992e-05,1.0,1e-04
5.60059561394155e-05,1.0,1e-04
1.9095603420282714e-05,1.0,1e-04
1.5395591617561877e-05,1.0,1e-04
3.242499951738864e-05,1.0,1e-04
4.706736945081502e-05,1.0,1e-04
7.554925832664594e-05,1.0,1e-04
2.4712693630135618e-05,1.0,1e-04
5.4631789680570364e-05,1.0,1e-04
4.575801358441822e-05,1.0,1e-04
3.9861126424511895e-05,1.0,1e-04
6.286869756877422e-05,1.0,1e-04
5.689649697160348e-05,1.0,1e-04
0.00014374428428709507,1.0,1e-04
5.2019069698872045e-05,1.0,1e-04
3.256426134612411e-05,1.0,1e-04
2.927570130850654e-05,1.0,1e-04
5.6421438785037026e-05,1.0,1e-04
2.326938192709349e-05,1.0,1e-04
4.625995279639028e-05,1.0,1e-04
1.7810336430557072e-05,1.0,1e-04
4.2913397919619456e-05,1.0,1e-04
9.175143350148574e-05,1.0,1e-04
4.050326970173046e-05,1.0,1e-04
5.902827251702547e-05,1.0,1e-04
1.876253190857824e-05,1.0,1e-04
4.739978976431303e-05,1.0,1e-04
2.9941389584564604e-05,1.0,1e-04
3.711018871399574e-05,1.0,1e-04
1.4283888049249072e-05,1.0,1e-04
2.1457637558341958e-05,1.0,1e-04
2.1166659280424938e-05,1.0,1e-04
5.025932114222087e-05,1.0,1e-04
2.97919541480951e-05,1.0,1e-04
1.621653063921258e-05,1.0,1e-04
2.5908057068591006e-05,1.0,1e-04
3.0826344300294295e-05,1.0,1e-04
2.90917214442743e-05,1.0,1e-04
0.0001445457892259583,1.0,1e-04
2.5628685762058012e-05,1.0,1e-04
1.6314808817696758e-05,1.0,1e-04
1.998083826038055e-05,1.0,1e-04
1.3836295693181455e-05,1.0,1e-04
3.4287160815438256e-05,1.0,1e-04
2.056802622973919e-05,1.0,1e-04
4.734269168693572e-05,1.0,1e-04
1.914216045406647e-05,1.0,1e-04
1.6920310372370295e-05,1.0,1e-04
6.844030576758087e-05,1.0,1e-04
3.4064225474139675e-05,1.0,1e-04
3.463850589469075e-05,1.0,1e-04
1.6373400285374373e-05,1.0,1e-04
2.4580887838965282e-05,1.0,1e-04
1.8279539290233515e-05,1.0,1e-04
2.6269210138707422e-05,1.0,1e-04
1.634836007724516e-05,1.0,1e-04
1.8599323084345087e-05,1.0,1e-04
4.952321614837274e-05,1.0,1e-04
4.0492028347216547e-05,1.0,1e-04
4.314804027671926e-05,1.0,1e-04
1.819088174670469e-05,1.0,1e-04
6.37586708762683e-05,1.0,1e-04
1.7322849089396186e-05,1.0,1e-04
3.02805256069405e-05,1.0,1e-04
1.516016163805034e-05,1.0,1e-04
3.4289714676560834e-05,1.0,1e-04
7.622814155183733e-05,1.0,1e-04
0.00010373848635936156,1.0,1e-04
2.1361045583034866e-05,1.0,1e-04
2.5833140171016566e-05,1.0,1e-04
2.6711872123996727e-05,1.0,1e-04
0.000684143858961761,1.0,1e-04
0.00025721333804540336,1.0,1e-04
0.00392678938806057,0.9973333477973938,1e-04
0.0035096139181405306,1.0,1e-04
0.002940231002867222,1.0,1e-04
0.062226396054029465,0.984000027179718,1e-04
0.03854900225996971,0.984000027179718,1e-04
0.0063418312929570675,1.0,1e-04
0.00385407917201519,1.0,1e-04
0.0040805465541779995,0.9973333477973938,1e-04
0.0005578084383159876,1.0,1e-04
0.0005361871444620192,1.0,1e-04
0.0002806457341648638,1.0,1e-04
0.00044429863919503987,1.0,1e-04
0.0025820713490247726,1.0,1e-04
0.00026090096798725426,1.0,1e-04
0.00022736295068170875,1.0,1e-04
0.0006724848644807935,1.0,1e-04
0.00021839964028913528,1.0,1e-04
0.0008883950649760664,1.0,1e-04
0.00018233344599138945,1.0,1e-04
0.0003123915521427989,1.0,1e-04
0.00012042230082442984,1.0,1e-04
0.0002641086757648736,1.0,1e-04
9.325896826339886e-05,1.0,1e-04
0.0002617987338453531,1.0,1e-04
0.00023811506980564445,1.0,1e-04
0.0002902341657318175,1.0,1e-04
0.00010638874664437026,1.0,1e-04
0.00021170894615352154,1.0,1e-04
0.0004073253076057881,1.0,1e-04
0.00011215532867936417,1.0,1e-04
0.00022474495926871896,1.0,1e-04
0.00014085460861679167,1.0,1e-04
0.000146317615872249,1.0,1e-04
0.00019051342678721994,1.0,1e-04
0.0004718463751487434,1.0,1e-04
0.00021128197840880603,1.0,1e-04
0.00012119852181058377,1.0,1e-04
8.648110087960958e-05,1.0,1e-04
0.0006836671964265406,1.0,1e-04
0.0001060712820617482,1.0,1e-04
7.678434485569596e-05,1.0,1e-04
6.0585251048905775e-05,1.0,1e-04
0.00013447330275084823,1.0,1e-04
0.00019314973906148225,1.0,1e-04
8.888504817150533e-05,1.0,1e-04
0.00039371682214550674,1.0,1e-04
7.56559893488884e-05,1.0,1e-04
0.0002650504175107926,1.0,1e-04
9.671876614447683e-05,1.0,1e-04
0.0001356963039143011,1.0,1e-04
0.00015519435692112893,1.0,1e-04
6.0461326938821e-05,1.0,1e-04
8.6100262706168e-05,1.0,1e-04
0.0004683911392930895,1.0,1e-04
0.0006109480164013803,1.0,1e-04
0.00014589677448384464,1.0,1e-04
0.00011570976494112983,1.0,1e-04
9.56018702709116e-05,1.0,1e-04
5.70310112379957e-05,1.0,1e-04
9.981352195609361e-05,1.0,1e-04
8.927593444241211e-05,1.0,1e-04
6.69996443320997e-05,1.0,1e-04
0.00020422118541318923,1.0,1e-04
0.00022236828226596117,1.0,1e-04
8.088307367870584e-05,1.0,1e-04
0.0003774642536882311,1.0,1e-04
8.123158477246761e-05,1.0,1e-04
9.045995102496818e-05,1.0,1e-04
0.0001341806200798601,1.0,1e-04
0.00010965960245812312,1.0,1e-04
4.8160076403291896e-05,1.0,1e-04
0.00010001637565437704,1.0,1e-04
9.412527288077399e-05,1.0,1e-04
6.472204404417425e-05,1.0,1e-04
8.273507410194725e-05,1.0,1e-04
9.52301052166149e-05,1.0,1e-04
4.28268795076292e-05,1.0,1e-04
6.862613372504711e-05,1.0,1e-04
6.384561856975779e-05,1.0,1e-04
0.00022676592925563455,1.0,1e-04
5.685627547791228e-05,1.0,1e-04
0.00010332395322620869,1.0,1e-04
0.00033484766026958823,1.0,1e-04
0.00015530681412201375,1.0,1e-04
0.00025039934553205967,1.0,1e-04
6.084019332774915e-05,1.0,1e-04
4.647448076866567e-05,1.0,1e-04
4.602922490448691e-05,1.0,1e-04
8.194121619453654e-05,1.0,1e-04
3.276448478573002e-05,1.0,1e-04
9.976054570870474e-05,1.0,1e-04
5.165576294530183e-05,1.0,1e-04
0.00010924902744591236,1.0,1e-04
3.8971546018728986e-05,1.0,1e-04
0.00011057227675337344,1.0,1e-04
0.0006247750716283917,1.0,1e-04
7.545738480985165e-05,1.0,1e-04
7.525613909820095e-05,1.0,1e-04
0.00012939520820509642,1.0,1e-04
6.105094507802278e-05,1.0,1e-04
7.897082105046138e-05,1.0,1e-04
4.7158642701106146e-05,1.0,1e-04
2.902155574702192e-05,1.0,1e-04
6.378131365636364e-05,1.0,1e-04
7.504560198867694e-05,1.0,1e-04
6.671445589745417e-05,1.0,1e-04
7.195440412033349e-05,1.0,1e-04
7.794552220730111e-05,1.0,1e-04
3.237735654693097e-05,1.0,1e-04
4.580734821502119e-05,1.0,1e-04
0.00010971054143738002,1.0,1e-04
9.606954699847847e-05,1.0,1e-04
3.1319548725150526e-05,1.0,1e-04
5.684225106961094e-05,1.0,1e-04
4.151041866862215e-05,1.0,1e-04
6.102310726419091e-05,1.0,1e-04
4.9335048970533535e-05,1.0,1e-04
4.55964618595317e-05,1.0,1e-04
7.613065099576488e-05,1.0,1e-04
3.3012933272402734e-05,1.0,1e-04
2.848084841389209e-05,1.0,1e-04
5.298533505992964e-05,1.0,1e-04
4.2495212255744264e-05,1.0,1e-04
0.00012170631816843525,1.0,1e-04
5.739054176956415e-05,1.0,1e-04
3.734419078682549e-05,1.0,1e-04
5.660551323671825e-05,1.0,1e-04
3.1617026252206415e-05,1.0,1e-04
5.022558616474271e-05,1.0,1e-04
6.0933965869480744e-05,1.0,1e-04
3.990986806456931e-05,1.0,1e-04
3.5144392313668504e-05,1.0,1e-04
6.620203203056008e-05,1.0,1e-04
6.851206126157194e-05,1.0,1e-04
4.4349522795528173e-05,1.0,1e-04
6.443158054025844e-05,1.0,1e-04
6.582927744602785e-05,1.0,1e-04
3.323020428069867e-05,1.0,1e-04
9.879157732939348e-05,1.0,1e-04
3.199869752279483e-05,1.0,1e-04
9.048276842804626e-05,1.0,1e-04
9.141003829427063e-05,1.0,1e-04
2.9572755011031404e-05,1.0,1e-04
2.667330227268394e-05,1.0,1e-04
3.1240117095876485e-05,1.0,1e-04
3.6510751669993624e-05,1.0,1e-04
0.0001342510513495654,1.0,1e-04
2.100517667713575e-05,1.0,1e-04
4.467902545002289e-05,1.0,1e-04
3.609402119764127e-05,1.0,1e-04
0.0001707535411696881,1.0,1e-04
3.832267611869611e-05,1.0,1e-04
3.806660242844373e-05,1.0,1e-04
2.7218458853894845e-05,1.0,1e-04
4.309701034799218e-05,1.0,1e-04
9.842012514127418e-05,1.0,1e-04
2.2915224690223113e-05,1.0,1e-04
3.6017747333971784e-05,1.0,1e-04
2.9797061870340258e-05,1.0,1e-04
3.1158269848674536e-05,1.0,1e-04
2.4538094294257462e-05,1.0,1e-04
2.2192694814293645e-05,1.0,1e-04
0.00017412571469321847,1.0,1e-04
2.7713262170436792e-05,1.0,1e-04
3.037000169570092e-05,1.0,1e-04
8.096567762549967e-05,1.0,1e-04
5.5014112149365246e-05,1.0,1e-04
2.033298551396001e-05,1.0,1e-04
0.0002900294493883848,1.0,1e-04
2.822152600856498e-05,1.0,1e-04
5.878387310076505e-05,1.0,1e-04
3.640212526079267e-05,1.0,1e-04
0.00010148718865821138,1.0,1e-04
2.6856139811570756e-05,1.0,1e-04
9.49058448895812e-05,1.0,1e-04
2.8807155104004778e-05,1.0,1e-04
0.0001836119481595233,1.0,1e-04
4.7305024054367095e-05,1.0,1e-04
7.217768870759755e-05,1.0,1e-04
5.6690572819206864e-05,1.0,1e-04
3.4816079278243706e-05,1.0,1e-04
4.700182398664765e-05,1.0,1e-04
3.94900307583157e-05,1.0,1e-04
4.796220309799537e-05,1.0,1e-04
9.374579531140625e-05,1.0,1e-04
6.115868018241599e-05,1.0,1e-04
2.7112340831081383e-05,1.0,1e-04
2.099610173900146e-05,1.0,1e-04
7.367397483903915e-05,1.0,1e-04
6.227058474905789e-05,1.0,1e-04
3.739515523193404e-05,1.0,1e-04
4.401245678309351e-05,1.0,1e-04
2.9577926397905685e-05,1.0,1e-04
2.4110076992656104e-05,1.0,1e-04
2.4666573153808713e-05,1.0,1e-04
2.4392467821598984e-05,1.0,1e-04
5.751505887019448e-05,1.0,1e-04
2.5755904061952606e-05,1.0,1e-04
3.673124956549145e-05,1.0,1e-04
0.0027199904434382915,1.0,1e-04
0.030172541737556458,0.9946666955947876,1e-04
0.036011289805173874,0.9919999837875366,1e-04
0.02686205506324768,0.9973333477973938,1e-04
0.008305619470775127,0.9946666955947876,1e-04
0.0006960003520362079,1.0,1e-04
0.0011033567134290934,1.0,1e-04
0.002146103885024786,1.0,1e-04
0.0034161589574068785,1.0,1e-04
0.00045256741577759385,1.0,1e-04
0.0008668151567690074,1.0,1e-04
0.0005588197964243591,1.0,1e-04
0.00025386823108419776,1.0,1e-04
0.0001709399657556787,1.0,1e-04
0.00023516666260547936,1.0,1e-04
0.00017838418716564775,1.0,1e-04
0.00027326843701303005,1.0,1e-04
0.00011544230801519006,1.0,1e-04
0.00016304495511576533,1.0,1e-04
0.0002360244543524459,1.0,1e-04
0.0001743403699947521,1.0,1e-04
8.430476736975834e-05,1.0,1e-04
0.0002443816338200122,1.0,1e-04
9.884589962894097e-05,1.0,1e-04
0.00010146191925741732,1.0,1e-04
0.0002473945205565542,1.0,1e-04
0.000191572165931575,1.0,1e-04
0.00012166779197286814,1.0,1e-04
0.00013373253750614822,1.0,1e-04
0.00012788006279151887,1.0,1e-04
6.21563958702609e-05,1.0,1e-04
0.0002234249550383538,1.0,1e-04
0.00029306687065400183,1.0,1e-04
0.000265652546659112,1.0,1e-04
0.00019750773208215833,1.0,1e-04
0.00017284393834415823,1.0,1e-04
0.0007721272413618863,1.0,1e-04
0.00021216663299128413,1.0,1e-04
0.0002628200454637408,1.0,1e-04
0.0006243801326490939,1.0,1e-04
7.799662125762552e-05,1.0,1e-04
6.621747888857499e-05,1.0,1e-04
6.838447006884962e-05,1.0,1e-04
0.00015493735554628074,1.0,1e-04
0.0005870131426490843,1.0,1e-04
7.412175182253122e-05,1.0,1e-04
6.769403989892453e-05,1.0,1e-04
0.00013296770339366049,1.0,1e-04
0.00010020634363172576,1.0,1e-04
0.00013886672968510538,1.0,1e-04
9.687498095445335e-05,1.0,1e-04
0.0001381292095175013,1.0,1e-04
5.970693746348843e-05,1.0,1e-04
4.347699723439291e-05,1.0,1e-04
5.624834739137441e-05,1.0,1e-04
5.588969725067727e-05,1.0,1e-04
0.00015232704754453152,1.0,1e-04
4.592286131810397e-05,1.0,1e-04
6.32544033578597e-05,1.0,1e-04
0.00013109066640026867,1.0,1e-04
0.0001833308779168874,1.0,1e-04
7.255478703882545e-05,1.0,1e-04
3.6645134969148785e-05,1.0,1e-04
0.00018206202366854995,1.0,1e-04
7.225951412692666e-05,1.0,1e-04
0.0002481476403772831,1.0,1e-04
8.005272684386e-05,1.0,1e-04
4.3509691749932244e-05,1.0,1e-04
4.1044128010980785e-05,1.0,1e-04
6.976760050747544e-05,1.0,1e-04
7.706553878961131e-05,1.0,1e-04
6.266130367293954e-05,1.0,1e-04
5.8288198488298804e-05,1.0,1e-04
7.710659701842815e-05,1.0,1e-04
5.686023359885439e-05,1.0,1e-04
3.0386372600332834e-05,1.0,1e-04
4.924181484966539e-05,1.0,1e-04
0.00011425215780036524,1.0,1e-04
9.655625763116404e-05,1.0,1e-04
5.704492286895402e-05,1.0,1e-04
0.0001456146565033123,1.0,1e-04
4.792222534888424e-05,1.0,1e-04
7.863155042286962e-05,1.0,1e-04
3.1060251785675064e-05,1.0,1e-04
3.510984970489517e-05,1.0,1e-04
0.00015485344920307398,1.0,1e-04
6.625799142057076e-05,1.0,1e-04
9.042803139891475e-05,1.0,1e-04
2.5364486646139994e-05,1.0,1e-04
3.481881140032783e-05,1.0,1e-04
6.527566438307986e-05,1.0,1e-04
4.591609103954397e-05,1.0,1e-04
5.417089050752111e-05,1.0,1e-04
4.094886389793828e-05,1.0,1e-04
4.671953502111137e-05,1.0,1e-04
3.6639168683905154e-05,1.0,1e-04
3.399794513825327e-05,1.0,1e-04
7.285956962732598e-05,1.0,1e-04
6.3755847804714e-05,1.0,1e-04
5.6075779866660014e-05,1.0,1e-04
8.10247947811149e-05,1.0,1e-04
0.00022712111240252852,1.0,1e-04
5.661188697558828e-05,1.0,1e-04
6.097675213823095e-05,1.0,1e-04
0.0002451048349030316,1.0,1e-04
3.210547220078297e-05,1.0,1e-04
4.5362561650108546e-05,1.0,1e-04
8.06447205832228e-05,1.0,1e-04
0.00013951995060779154,1.0,1e-04
5.33402526343707e-05,1.0,1e-04
4.9073121772380546e-05,1.0,1e-04
2.4857286916812882e-05,1.0,1e-04
5.1782910304609686e-05,1.0,1e-04
3.134852522634901e-05,1.0,1e-04
0.00010553529864409938,1.0,1e-04
3.173221557517536e-05,1.0,1e-04
5.462547778734006e-05,1.0,1e-04
3.963624840253033e-05,1.0,1e-04
4.689307388616726e-05,1.0,1e-04
7.460270717274398e-05,1.0,1e-04
4.2955536628142e-05,1.0,1e-04
4.9663573008729145e-05,1.0,1e-04
2.8976492103538476e-05,1.0,1e-04
4.862050627707504e-05,1.0,1e-04
0.00018249945424031466,1.0,1e-04
4.059515777043998e-05,1.0,1e-04
5.119563138578087e-05,1.0,1e-04
0.0007042821380309761,1.0,1e-04
0.00041942286770790815,1.0,1e-04
0.00016481219790875912,1.0,1e-04
0.00984966941177845,0.9946666955947876,1e-04
0.004207169637084007,0.9973333477973938,1e-04
0.003318753559142351,0.9973333477973938,1e-04
0.0014615991385653615,1.0,1e-04
0.0010285135358572006,1.0,1e-04
0.00016892331768758595,1.0,1e-04
0.005629111547023058,0.9946666955947876,1e-04
0.0002867449074983597,1.0,1e-04
0.002557330997660756,1.0,1e-04
0.00018173392163589597,1.0,1e-04
0.00022833398543298244,1.0,1e-04
0.0004402924096211791,1.0,1e-04
0.0002937751996796578,1.0,1e-04
0.0002994331007357687,1.0,1e-04
0.00011291853297734633,1.0,1e-04
0.0001746059861034155,1.0,1e-04
5.341959331417456e-05,1.0,1e-04
0.0001535488700028509,1.0,1e-04
8.5772669990547e-05,1.0,1e-04
0.00018575150170363486,1.0,1e-04
0.00021284501417540014,1.0,1e-04
8.183033060049638e-05,1.0,1e-04
0.00017729224055074155,1.0,1e-04
0.0004495593602769077,1.0,1e-04
7.736906263744459e-05,1.0,1e-04
5.9178888477617875e-05,1.0,1e-04
8.318092295667157e-05,1.0,1e-04
0.00019521574722602963,1.0,1e-04
8.075380173977464e-05,1.0,1e-04
8.706278458703309e-05,1.0,1e-04
0.0002193191321566701,1.0,1e-04
6.251448212424293e-05,1.0,1e-04
9.5150746346917e-05,1.0,1e-04
0.0001010031919577159,1.0,1e-04
0.0001607708545634523,1.0,1e-04
4.838230233872309e-05,1.0,1e-04
8.585097384639084e-05,1.0,1e-04
5.1686365623027086e-05,1.0,1e-04
7.725392060820013e-05,1.0,1e-04
5.8363351854495704e-05,1.0,1e-04
2.738399780355394e-05,1.0,1e-04
4.741767406812869e-05,1.0,1e-04
9.164135553874075e-05,1.0,1e-04
0.0010784522164613008,1.0,1e-04
9.119886817643419e-05,1.0,1e-04
0.00025823275791481137,1.0,1e-04
6.602839130209759e-05,1.0,1e-04
6.448758358601481e-05,1.0,1e-04
0.00011079195974161848,1.0,1e-04
5.1272967539262027e-05,1.0,1e-04
6.460194708779454e-05,1.0,1e-04
5.567309199250303e-05,1.0,1e-04
5.8464596804697067e-05,1.0,1e-04
6.013399251969531e-05,1.0,1e-04
5.56877967028413e-05,1.0,1e-04
6.092899639043026e-05,1.0,1e-04
2.2300124328467064e-05,1.0,1e-04
3.9520054997410625e-05,1.0,1e-04
0.0002044748398475349,1.0,1e-04
3.193332304363139e-05,1.0,1e-04
8.482603152515367e-05,1.0,1e-04
1.4858506801829208e-05,1.0,1e-04
0.0034471142571419477,0.9973333477973938,1e-04
0.00247444910928607,1.0,1e-04
0.0003454693069215864,1.0,1e-04
0.0017006032867357135,1.0,1e-04
0.00010295649553881958,1.0,1e-04
0.0009198179468512535,1.0,1e-04
7.184233982115984e-05,1.0,1e-04
9.357753151562065e-05,1.0,1e-04
0.00017579486302565783,1.0,1e-04
9.018358832690865e-05,1.0,1e-04
9.640853386372328e-05,1.0,1e-04
9.310664609074593e-05,1.0,1e-04
4.557112333714031e-05,1.0,1e-04
0.00023967132437974215,1.0,1e-04
0.00012983182386960834,1.0,1e-04
4.5548986236099154e-05,1.0,1e-04
0.00032462627859786153,1.0,1e-04
9.877071715891361e-05,1.0,1e-04
0.00010508936975384131,1.0,1e-04
0.00019119289936497808,1.0,1e-04
5.3849074902245775e-05,1.0,1e-04
4.866320887231268e-05,1.0,1e-04
5.595713446382433e-05,1.0,1e-04
6.202638905961066e-05,1.0,1e-04
5.7717646996024996e-05,1.0,1e-04
5.7286037190351635e-05,1.0,1e-04
3.362700226716697e-05,1.0,1e-04
7.162262045312673e-05,1.0,1e-04
3.680190638988279e-05,1.0,1e-04
2.037538433796726e-05,1.0,1e-04
1.949665784195531e-05,1.0,1e-04
0.00031565444078296423,1.0,1e-04
0.00014348261174745858,1.0,1e-04
3.89035812986549e-05,1.0,1e-04
5.98899059696123e-05,1.0,1e-04
5.786925976281054e-05,1.0,1e-04
2.7282076189294457e-05,1.0,1e-04
2.3234404579852708e-05,1.0,1e-04
3.5864133678842336e-05,1.0,1e-04
5.650190360029228e-05,1.0,1e-04
2.6464611437404528e-05,1.0,1e-04
6.228608981473371e-05,1.0,1e-04
3.2111183827510104e-05,1.0,1e-04
3.305862992419861e-05,1.0,1e-04
3.1294755899580196e-05,1.0,1e-04
5.365494507714175e-05,1.0,1e-04
1.8187436580774374e-05,1.0,1e-04
4.909903873340227e-05,1.0,1e-04
1.594726745679509e-05,1.0,1e-04
4.7293768147937953e-05,1.0,1e-04
1.7352687791571952e-05,1.0,1e-04
2.78608022199478e-05,1.0,1e-04
2.366992339375429e-05,1.0,1e-04
1.741256346576847e-05,1.0,1e-04
3.03389551845612e-05,1.0,1e-04
8.275993604911491e-05,1.0,1e-04
3.919615483027883e-05,1.0,1e-04
2.16273565456504e-05,1.0,1e-04
2.7431196940597147e-05,1.0,1e-04
2.4094098989735357e-05,1.0,1e-04
8.45476970425807e-05,1.0,1e-04
1.6777628843556158e-05,1.0,1e-04
3.478137659840286e-05,1.0,1e-04
1.3359410331759136e-05,1.0,1e-04
2.182360549340956e-05,1.0,1e-04
9.610672714188695e-05,1.0,1e-04
2.4669374397490174e-05,1.0,1e-04
5.787933332612738e-05,1.0,1e-04
5.618885188596323e-05,1.0,1e-04
4.224602889735252e-05,1.0,1e-04
9.320713434135541e-05,1.0,1e-04
2.5501305572106503e-05,1.0,1e-04
3.323159762658179e-05,1.0,1e-04
3.1325540476245806e-05,1.0,1e-04
6.33552554063499e-05,1.0,1e-04
4.459959745872766e-05,1.0,1e-04
2.4233355361502618e-05,1.0,1e-04
1.2736828466586303e-05,1.0,1e-04
1.2552995031001046e-05,1.0,1e-04
5.9157286159461364e-05,1.0,1e-04
1.5374957001768053e-05,1.0,1e-04
1.704928945400752e-05,1.0,1e-04
1.2759815945173614e-05,1.0,1e-04
1.6904679796425626e-05,1.0,1e-04
3.1866729841567576e-05,1.0,1e-04
4.942911982652731e-05,1.0,1e-04
5.282167694531381e-05,1.0,1e-04
2.3127819076762535e-05,1.0,1e-04
2.8939115509274416e-05,1.0,1e-04
6.326925358735025e-05,1.0,1e-04
1.9352251911186613e-05,1.0,1e-04
1.6480395061080344e-05,1.0,1e-04
2.9704382541240193e-05,1.0,1e-04
2.53638227150077e-05,1.0,1e-04
1.8179936887463555e-05,1.0,1e-04
2.5936869860743172e-05,1.0,1e-04
2.7451331334304996e-05,1.0,1e-04
1.2938391591887921e-05,1.0,1e-04
1.7817797925090417e-05,1.0,1e-04
1.6258933101198636e-05,1.0,1e-04
2.8415521228453144e-05,1.0,1e-04
3.60616177204065e-05,1.0,1e-04
6.805864541092888e-05,1.0,1e-04
1.342400264547905e-05,1.0,1e-04
2.4498745915479958e-05,1.0,1e-04
2.9256785637699068e-05,1.0,1e-04
2.656672222656198e-05,1.0,1e-04
2.8356429538689554e-05,1.0,1e-04
1.172371230495628e-05,1.0,1e-04
1.1512547644088045e-05,1.0,1e-04
1.3511112229025457e-05,1.0,1e-04
1.5254498975991737e-05,1.0,1e-04
2.609068360470701e-05,1.0,1e-04
2.441413926135283e-05,1.0,1e-04
1.9613220501923934e-05,1.0,1e-04
0.00016507589316461235,1.0,1e-04
1.4315158296085428e-05,1.0,1e-04
1.15368402475724e-05,1.0,1e-04
2.0319141185609624e-05,1.0,1e-04
1.1738110515580047e-05,1.0,1e-04
5.414237602963112e-05,1.0,1e-04
1.772771793184802e-05,1.0,1e-04
1.7066800864995457e-05,1.0,1e-04
7.594366616103798e-05,1.0,1e-04
2.6470959710422903e-05,1.0,1e-04
2.1635869416058995e-05,1.0,1e-04
1.4317281966214068e-05,1.0,1e-04
2.7576270440476947e-05,1.0,1e-04
1.2126750334573444e-05,1.0,1e-04
1.738193168421276e-05,1.0,1e-04
2.070234768325463e-05,1.0,1e-04
2.518476867408026e-05,1.0,1e-04
1.7346676031593233e-05,1.0,1e-04
6.028745701769367e-05,1.0,1e-04
8.733395952731371e-05,1.0,1e-04
2.0124442016822286e-05,1.0,1e-04
1.8530667148297653e-05,1.0,1e-04
1.1283323146926705e-05,1.0,1e-04
1.1844724213005975e-05,1.0,1e-04
2.16026819543913e-05,1.0,1e-04
1.753193100739736e-05,1.0,1e-04
0.00010337109415559098,1.0,1e-04
1.6462121493532322e-05,1.0,1e-04
2.7430734917288646e-05,1.0,1e-04
4.138271833653562e-05,1.0,1e-04
2.5350560463266447e-05,1.0,1e-04
2.2604626792599447e-05,1.0,1e-04
1.6782589227659628e-05,1.0,1e-04
3.956573345931247e-05,1.0,1e-04
2.5312649086117744e-05,1.0,1e-04
1.1259317034273408e-05,1.0,1e-04
